City_ID,City,Lat,Lng,Max Temp,Humidity,Cloudiness,Wind Speed,Country,Date
0,chokurdakh,70.6333,147.9167,-35.09,99,100,3.47,RU,1675830135
1,upata,8.0086,-62.3989,71.19,94,0,4.12,VE,1675830136
2,nikolskoye,59.7035,30.7861,30.09,86,100,9.71,RU,1675830137
3,hilo,19.7297,-155.09,74.28,91,100,6.91,US,1675830138
4,yellowknife,62.456,-114.3525,-3.44,84,100,6.91,CA,1675830138
5,paralimni,35.0375,33.9833,41.49,69,22,8.99,CY,1675830139
6,bluff,-46.6,168.3333,53.98,67,48,27.63,NZ,1675830139
7,grindavik,63.8424,-22.4338,26.55,93,100,29.93,IS,1675830140
8,rikitea,-23.1203,-134.9692,79.79,70,52,8.95,PF,1675830140
9,arraial do cabo,-22.9661,-42.0278,74.66,92,100,5.06,BR,1675830141
10,meadow lake,34.8014,-106.5436,34.66,80,99,2.73,US,1675830141
11,puerto ayora,-0.7393,-90.3518,78.55,92,44,4.0,EC,1675830028
12,jamestown,42.097,-79.2353,37.02,95,100,9.22,US,1675829931
13,leningradskiy,69.3833,178.4167,-25.55,95,100,4.76,RU,1675830143
14,castro,-24.7911,-50.0119,60.91,96,53,4.92,BR,1675830143
15,albany,42.6001,-73.9662,36.23,77,81,4.07,US,1675829937
16,sistranda,63.7256,8.834,37.36,76,100,14.14,NO,1675830144
17,faanui,-16.4833,-151.75,81.0,72,25,11.65,PF,1675830145
18,lysychovo,48.4968,23.2899,18.14,93,7,5.59,UA,1675830146
19,ranong,9.9658,98.6348,91.33,54,11,2.82,TH,1675830038
20,tupik,54.4253,119.9327,-4.65,90,57,0.83,RU,1675830146
21,viedma,-40.8135,-62.9967,66.54,62,34,8.59,AR,1675830147
22,bambous virieux,-20.3428,57.7575,80.85,78,40,11.5,MU,1675830148
23,manga,11.6636,-1.0731,78.19,17,50,7.96,BF,1675830148
24,roald,62.5833,6.1333,46.54,49,84,19.57,NO,1675830149
25,cape town,-33.9258,18.4232,69.91,76,20,14.0,ZA,1675830149
26,ostrovnoy,68.0531,39.5131,29.1,79,10,19.91,RU,1675830150
27,cidreira,-30.1811,-50.2056,75.11,82,7,13.87,BR,1675830150
28,vardo,70.3705,31.1107,31.98,74,19,11.5,NO,1675829987
29,chino valley,34.7575,-112.4538,40.62,47,0,5.75,US,1675830015
30,griffith,41.5284,-87.4237,35.06,89,0,5.75,US,1675830151
31,hithadhoo,-0.6,73.0833,81.27,73,13,7.07,MV,1675830152
32,paita,-5.0892,-81.1144,75.56,81,78,8.16,PE,1675830153
33,torbay,47.6666,-52.7314,27.39,85,75,25.32,CA,1675830154
34,ushuaia,-54.8,-68.3,51.46,71,40,3.44,AR,1675830154
35,punta arenas,-53.15,-70.9167,55.51,71,0,14.97,CL,1675830155
36,cockburn town,21.4612,-71.1419,77.86,74,1,23.29,TC,1675830155
37,mahebourg,-20.4081,57.7,80.89,78,40,11.5,MU,1675830156
38,ribeira grande,38.5167,-28.7,54.77,64,45,7.0,PT,1675830157
39,hobart,-42.8794,147.3294,63.05,66,75,13.8,AU,1675830009
40,sitka,57.0531,-135.33,35.49,80,75,0.0,US,1675829897
41,houma,29.5958,-90.7195,66.99,92,40,5.75,US,1675830158
42,atuona,-9.8,-139.0333,79.03,76,22,16.62,PF,1675830159
43,kaitangata,-46.2817,169.8464,58.86,49,21,14.81,NZ,1675830159
44,buala,-8.145,159.5921,81.88,83,93,7.7,SB,1675830160
45,port elizabeth,-33.918,25.5701,67.32,93,40,8.05,ZA,1675830016
46,husavik,66.0449,-17.3389,23.31,73,87,17.52,IS,1675830160
47,new norfolk,-42.7826,147.0587,62.71,36,5,6.08,AU,1675830162
48,luderitz,-26.6481,15.1594,64.76,83,17,18.28,NA,1675829979
49,evensk,61.95,159.2333,-16.56,78,54,6.64,RU,1675830163
50,jinchang,38.4953,102.1739,31.41,80,100,3.04,CN,1675830163
51,zelenoborskiy,66.845,32.3622,18.81,93,14,4.65,RU,1675830164
52,qaanaaq,77.484,-69.3632,-25.55,67,7,5.99,GL,1675830164
53,barrow,71.2906,-156.7887,-2.18,78,100,6.91,US,1675830164
54,chissamba,-12.1667,17.3333,62.02,77,100,0.54,AO,1675830165
55,avarua,-21.2078,-159.775,82.45,78,20,10.36,CK,1675830165
56,georgetown,5.4112,100.3354,87.73,66,20,6.91,MY,1675830166
57,staroutkinsk,57.2302,59.3348,-8.99,100,100,2.66,RU,1675830166
58,wanning,18.8003,110.3967,77.63,76,32,8.3,CN,1675830064
59,san cristobal,7.7669,-72.225,68.18,78,12,1.66,VE,1675830167
60,cayenne,4.9333,-52.3333,77.04,94,100,3.44,GF,1675830054
61,lahan,26.7296,86.4951,72.82,37,0,5.61,NP,1675830168
62,mataura,-46.1927,168.8643,57.58,52,57,11.97,NZ,1675830049
63,tuktoyaktuk,69.4541,-133.0374,-22.0,69,100,3.44,CA,1675830015
64,port alfred,-33.5906,26.891,68.18,89,100,5.01,ZA,1675830168
65,hualmay,-11.0964,-77.6139,72.3,86,26,5.46,PE,1675830169
66,busselton,-33.65,115.3333,81.14,43,0,3.89,AU,1675830169
67,hasaki,35.7333,140.8333,52.2,70,100,21.05,JP,1675830100
68,provideniya,64.3833,-173.3,-3.89,71,100,6.71,RU,1675830170
69,norman wells,65.282,-126.8329,-11.16,77,75,4.61,CA,1675830170
70,te anau,-45.4167,167.7167,56.19,50,43,10.96,NZ,1675830119
71,lashio,22.9333,97.75,72.75,28,0,2.1,MM,1675830171
72,rhyl,53.3196,-3.4886,39.9,91,59,6.69,GB,1675830171
73,east london,-33.0153,27.9116,68.94,94,100,10.36,ZA,1675829911
74,malpe,13.35,74.7167,83.5,52,76,1.95,IN,1675830171
75,bredasdorp,-34.5322,20.0403,64.51,82,6,6.62,ZA,1675830172
76,tiksi,71.6872,128.8694,-35.07,99,98,6.04,RU,1675830060
77,dingle,10.9995,122.6711,82.29,70,100,16.73,PH,1675830172
78,visselhovede,52.9833,9.6,17.58,52,98,5.1,DE,1675830173
79,taltal,-25.4,-70.4833,69.55,82,9,2.8,CL,1675830173
80,sao filipe,14.8961,-24.4956,68.07,69,25,10.29,CV,1675830174
81,waingapu,-9.6567,120.2641,83.84,75,70,11.41,ID,1675830174
82,lae,-6.7221,146.9847,90.27,65,99,8.1,PG,1675830174
83,bogatyr,53.4298,49.9455,-4.56,76,75,6.71,RU,1675830175
84,kapaa,22.0752,-159.319,78.78,85,75,16.11,US,1675830017
85,talara,-4.5772,-81.2719,75.99,83,43,9.33,PE,1675830175
86,caceres,39.522,-6.3748,41.5,91,97,7.87,ES,1675830176
87,butaritari,3.0707,172.7902,81.34,80,100,21.63,KI,1675830176
88,kondinskoye,59.6481,67.41,-12.62,100,100,5.95,RU,1675830177
89,saint-philippe,-21.3585,55.7679,81.99,83,84,12.8,RE,1675830014
90,bilibino,68.0546,166.4372,-34.83,100,100,2.17,RU,1675830177
91,sar-e pul,35.8333,66.1667,41.4,59,100,7.96,AF,1675830178
92,ketchikan,55.3422,-131.6461,35.44,92,100,4.43,US,1675830178
93,bengkulu,-3.8004,102.2655,84.92,55,74,8.61,ID,1675830178
94,nuuk,64.1835,-51.7216,8.56,94,100,10.89,GL,1675829999
95,lagoa,39.05,-27.9833,55.0,63,86,14.83,PT,1675830179
96,saint-joseph,-21.3667,55.6167,80.98,78,80,12.82,RE,1675830179
97,rogers,36.3668,-95.5836,41.76,95,100,5.75,US,1675830180
98,valley city,46.9233,-98.0032,27.12,100,20,8.05,US,1675830180
99,araouane,18.9048,-3.5265,64.94,20,1,12.08,ML,1675830134
100,turukhansk,65.8167,87.9833,2.95,96,100,5.37,RU,1675830181
101,victoria,22.2855,114.1577,68.38,82,96,13.0,HK,1675830076
102,san quintin,30.4833,-115.95,58.01,52,0,0.51,MX,1675830177
103,sonari,27.0667,95.0333,60.85,67,81,4.79,IN,1675830182
104,guarapari,-20.6667,-40.4975,77.9,95,100,3.2,BR,1675829898
105,verkhnevilyuysk,63.4453,120.3167,-29.36,95,100,0.45,RU,1675830184
106,aswan,24.0934,32.907,49.3,49,0,6.91,EG,1675830185
107,los mochis,25.7667,-108.9667,57.07,67,0,11.5,MX,1675830185
108,vaini,-21.2,-175.2,77.16,100,75,5.75,TO,1675830186
109,prince rupert,54.3161,-130.3201,40.69,93,100,19.57,CA,1675830186
110,bugiri,0.5714,33.7417,65.32,86,29,2.51,UG,1675830187
111,nakhodka,42.8333,132.8947,26.89,43,7,13.58,RU,1675830187
112,lasa,46.6166,10.7002,22.03,79,34,1.19,IT,1675830189
113,fredericton,45.9454,-66.6656,18.82,83,100,0.0,CA,1675829907
114,lebu,-37.6167,-73.65,58.64,88,0,17.31,CL,1675830163
115,tabou,4.423,-7.3528,78.51,86,100,6.33,CI,1675830190
116,manggar,-2.8833,108.2667,84.2,69,100,5.66,ID,1675830191
117,saratoga springs,43.0831,-73.7846,37.51,81,88,7.43,US,1675829964
118,severo-kurilsk,50.6789,156.125,24.17,70,20,9.22,RU,1675829998
119,portland,45.5234,-122.6762,45.43,89,0,3.0,US,1675830192
120,southbridge,42.0751,-72.0334,33.93,95,100,11.54,US,1675829905
121,sabha,27.0377,14.4283,51.82,41,97,13.47,LY,1675830192
122,nouadhibou,20.931,-17.0347,58.98,67,0,19.57,MR,1675830193
123,mar del plata,-38.0023,-57.5575,74.08,96,100,14.0,AR,1675830194
124,prudnik,50.3212,17.5746,22.95,92,82,1.57,PL,1675830194
125,fortuna,40.5982,-124.1573,46.98,91,75,0.0,US,1675830195
126,inhambane,-23.865,35.3833,77.99,87,6,5.93,MZ,1675830195
127,sorland,67.667,12.6934,44.46,85,100,50.6,NO,1675830156
128,hermanus,-34.4187,19.2345,65.8,84,0,12.5,ZA,1675830196
129,airai,-8.9266,125.4092,69.69,80,82,3.53,TL,1675830196
130,tuy hoa,13.0833,109.3,79.88,76,40,6.76,VN,1675830197
131,kahului,20.8947,-156.47,75.85,82,40,18.41,US,1675830198
132,alta floresta,-9.8756,-56.0861,70.9,97,97,1.92,BR,1675830198
133,puerto escondido,15.85,-97.0667,76.64,70,1,6.29,MX,1675830101
134,gazanjyk,39.2446,55.5154,48.43,63,100,8.95,TM,1675830199
135,jian,27.1172,114.9793,53.42,91,100,3.11,CN,1675830199
136,maracaju,-21.6144,-55.1683,70.56,90,31,4.14,BR,1675830200
137,mudgee,-32.5943,149.5871,84.78,39,47,8.77,AU,1675830201
138,matai,-8.3,31.5167,63.84,96,100,2.15,TZ,1675830201
139,beysehir,37.6773,31.7246,9.63,97,60,6.29,TR,1675830202
140,mumford,5.2618,-0.759,77.74,91,47,7.25,GH,1675830203
141,mount gambier,-37.8333,140.7667,73.6,45,12,12.26,AU,1675830055
142,chapais,49.7834,-74.8492,22.78,95,100,9.37,CA,1675830204
143,sal rei,16.1833,-22.9167,67.3,66,26,19.93,CV,1675830205
144,ponta do sol,32.6667,-17.1,59.72,72,34,8.01,PT,1675830205
145,nizhniy kuranakh,58.8353,125.4869,-13.25,87,100,4.29,RU,1675830206
146,kamenka,51.3223,42.7678,6.66,93,6,11.16,RU,1675830206
147,alyangula,-13.8483,136.4192,86.4,66,100,3.04,AU,1675830207
148,tilichiki,60.4667,166.1,-19.28,90,63,9.62,RU,1675830208
149,kyshtovka,56.555,76.6271,-7.15,99,86,5.19,RU,1675830208
150,cavalcante,-13.7975,-47.4583,69.84,75,81,2.17,BR,1675830209
151,bairiki,1.3292,172.9752,86.0,62,20,13.8,KI,1675830209
152,narsaq,60.9167,-46.05,-5.58,66,16,9.17,GL,1675830210
153,cabo san lucas,22.8909,-109.9124,68.5,41,84,4.63,MX,1675830143
154,xuddur,4.1213,43.8894,68.7,78,2,15.3,SO,1675830211
155,samarai,-10.6167,150.6667,82.29,79,100,16.44,PG,1675830212
156,haines junction,60.7522,-137.5108,24.75,80,35,3.44,CA,1675830212
157,saskylakh,71.9167,114.0833,-29.11,100,100,1.19,RU,1675830213
158,nhulunbuy,-12.2333,136.7667,84.81,79,40,8.05,AU,1675830214
159,kodiak,57.79,-152.4072,22.51,63,0,17.27,US,1675830020
160,rio grande,-32.035,-52.0986,74.01,72,0,14.94,BR,1675830157
161,port hardy,50.6996,-127.4199,37.58,100,75,3.44,CA,1675830215
162,ambon,-3.6954,128.1814,89.74,58,20,12.66,ID,1675829932
163,allada,6.6655,2.1514,79.56,91,90,3.56,BJ,1675830216
164,charters towers,-20.1,146.2667,91.11,40,98,10.74,AU,1675830216
165,petropavlovsk-kamchatskiy,53.0452,158.6483,18.19,42,20,4.47,RU,1675830165
166,presidencia roque saenz pena,-26.7852,-60.4388,82.42,37,37,5.73,AR,1675830217
167,najran,17.4924,44.1277,61.45,67,10,5.39,SA,1675830198
168,port blair,11.6667,92.75,84.24,61,40,9.22,IN,1675830056
169,esperance,-33.8667,121.9,72.1,64,71,12.39,AU,1675830218
170,mandalgovi,45.7625,106.2708,16.12,70,97,9.08,MN,1675830219
171,imphal,24.8167,93.95,67.91,64,40,1.14,IN,1675830219
172,tasiilaq,65.6145,-37.6368,-0.24,42,0,21.85,GL,1675830219
173,durban,-29.8579,31.0292,75.02,90,100,4.0,ZA,1675830220
174,tuatapere,-46.1333,167.6833,54.66,67,59,16.02,NZ,1675830220
175,ghatanji,20.1333,78.3167,77.79,26,1,8.68,IN,1675830221
176,aklavik,68.2191,-135.0107,-20.13,96,100,7.9,CA,1675830012
177,luzhou,28.8724,105.4405,54.19,80,100,0.69,CN,1675830221
178,xining,36.6167,101.7667,31.53,67,100,2.08,CN,1675830222
179,mehamn,71.0357,27.8492,33.75,64,0,18.41,NO,1675830222
180,carnarvon,-24.8667,113.6333,86.65,49,3,14.67,AU,1675830223
181,iralaya,15.0,-83.2333,77.11,81,54,12.75,HN,1675830112
182,yumen,40.2833,97.2,33.19,41,30,15.79,CN,1675830223
183,ilulissat,69.2167,-51.1,-16.58,76,75,5.75,GL,1675830096
184,toyooka,35.5333,134.8333,44.65,87,75,6.91,JP,1675830224
185,pringsewu,-5.3582,104.9744,87.03,61,95,2.84,ID,1675830224
186,hamilton,39.1834,-84.5333,50.77,90,100,5.75,US,1675830224
187,lakhdenpokhya,61.5198,30.1992,32.5,98,100,6.64,RU,1675830029
188,guanica,17.9716,-66.908,75.18,65,1,5.06,PR,1675829982
189,filadelfia,39.9523,-75.1638,42.17,80,100,0.0,US,1675830174
190,college,64.8569,-147.8028,6.78,82,75,3.44,US,1675830225
191,marawi,7.9986,124.2928,79.18,57,74,7.18,PH,1675830226
192,birin,26.8865,88.0718,57.51,43,2,5.06,NP,1675830226
193,antofagasta,-23.65,-70.4,69.08,82,97,4.97,CL,1675830226
194,geraldton,-28.7667,114.6,90.01,37,0,14.97,AU,1675830227
195,bethel,41.3712,-73.414,37.76,84,75,0.0,US,1675830227
196,upernavik,72.7868,-56.1549,-23.06,95,47,4.05,GL,1675830228
197,flinders,-34.5833,150.8552,71.19,89,100,4.0,AU,1675830178
198,zhigansk,66.7697,123.3711,-44.91,97,100,6.67,RU,1675830228
199,sechura,-5.5569,-80.8222,76.14,75,78,9.51,PE,1675830229
200,coquimbo,-29.9533,-71.3436,64.13,88,100,5.75,CL,1675830055
201,pevek,69.7008,170.3133,-22.63,97,100,3.67,RU,1675830116
202,okhotsk,59.3833,143.3,-9.74,80,82,11.39,RU,1675830045
203,wolverhampton,52.5855,-2.123,34.45,92,0,5.68,GB,1675830230
204,nador,35.174,-2.9287,48.45,93,75,1.14,MA,1675830230
205,lorengau,-2.0226,147.2712,78.78,91,100,21.72,PG,1675830231
206,longyearbyen,78.2186,15.6401,22.84,68,40,9.22,SJ,1675830231
207,puerto baquerizo moreno,-0.9,-89.6,77.4,83,27,5.84,EC,1675830231
208,oksfjord,70.2396,22.3479,39.38,73,49,14.79,NO,1675830232
209,privodino,61.0781,46.5044,22.89,92,100,8.97,RU,1675830232
210,baisha,26.5222,110.9311,48.76,93,100,0.76,CN,1675830233
211,pindi gheb,33.2402,72.2661,56.97,32,100,5.75,PK,1675830233
212,port hedland,-20.3167,118.5667,95.05,46,34,12.66,AU,1675830234
213,disna,55.568,28.1971,16.23,97,87,6.4,BY,1675830234
214,kavaratti,10.5669,72.642,80.04,71,93,12.5,IN,1675830234
215,okha,53.5739,142.9478,-9.53,80,100,11.07,RU,1675830235
216,kyra,49.5776,111.9753,13.24,67,7,2.39,RU,1675830235
217,tchaourou,8.8865,2.5975,75.15,66,63,1.92,BJ,1675830235
218,irece,-11.3042,-41.8558,69.19,62,93,6.85,BR,1675830236
219,kajaani,64.2273,27.7285,30.25,93,100,5.75,FI,1675830236
220,kribi,2.95,9.9167,77.52,87,50,4.34,CM,1675830237
221,ulaangom,49.9811,92.0667,-10.03,97,100,2.37,MN,1675830063
222,maragogi,-9.0122,-35.2225,76.1,73,98,4.25,BR,1675830237
223,san patricio,28.017,-97.5169,71.89,88,93,11.77,US,1675830238
224,santa rosalia,27.3167,-112.2833,55.33,49,0,7.83,MX,1675830238
225,diffa,13.3154,12.6113,67.93,36,100,13.82,NE,1675830094
226,acari,-15.4311,-74.6158,76.19,82,64,3.24,PE,1675830239
227,lompoc,34.6391,-120.4579,51.53,87,75,8.01,US,1675830239
228,kayes,14.0,-11.0,75.42,15,31,7.31,ML,1675830239
229,genhe,50.7833,121.5167,4.17,82,89,3.56,CN,1675830240
230,san ciro de acosta,21.6333,-99.8167,61.14,73,0,3.47,MX,1675830240
231,sokolo,14.7328,-6.1219,74.17,15,45,14.67,ML,1675830241
232,imbituba,-28.24,-48.6703,71.01,90,24,5.99,BR,1675830241
233,beringovskiy,63.05,179.3167,-20.16,95,69,7.72,RU,1675830242
234,coihaique,-45.5752,-72.0662,61.41,72,0,3.44,CL,1675830242
235,talnakh,69.4865,88.3972,-10.35,98,97,6.91,RU,1675830243
236,belaya gora,68.5333,146.4167,-41.55,99,74,2.8,RU,1675830244
237,dikson,73.5069,80.5464,-4.79,90,100,22.39,RU,1675830043
238,saratoga,43.1001,-73.8496,35.96,82,90,6.08,US,1675830244
239,kemijarvi,66.7131,27.4306,18.7,94,11,6.58,FI,1675830245
240,hobyo,5.3505,48.5268,77.74,67,95,15.1,SO,1675830245
241,vanimo,-2.6741,141.3028,77.77,94,100,9.06,PG,1675830246
242,tabat,-2.635,115.2274,91.02,52,81,2.8,ID,1675830246
243,asahi,35.7167,140.65,53.15,62,100,16.24,JP,1675830247
244,sulangan,11.1373,123.7228,79.93,75,100,12.1,PH,1675830247
245,sola,-13.8833,167.55,82.18,77,97,13.47,VU,1675830248
246,banamba,13.55,-7.45,70.38,16,23,9.55,ML,1675830249
247,okato,-39.2,173.8833,71.91,100,11,14.94,NZ,1675830249
248,ust-kut,56.7938,105.7672,12.43,92,100,4.05,RU,1675830250
249,lata,40.1629,-8.3327,41.22,85,37,6.76,PT,1675830251
250,itarema,-2.9248,-39.9167,77.29,82,100,8.52,BR,1675830185
251,sandwick,60.0,-1.25,44.42,76,100,29.93,GB,1675830253
252,severomorsk,69.0689,33.4162,32.4,83,33,15.64,RU,1675830253
253,valdivia,-39.8142,-73.2459,59.09,79,0,2.57,CL,1675830253
254,ruyigi,-3.45,30.3167,56.66,93,65,2.91,BI,1675830254
255,bogorodskoye,56.55,37.8833,11.82,94,89,8.32,RU,1675830254
256,jizan,17.3333,42.6667,74.34,77,4,4.21,SA,1675830255
257,bombo,-8.6131,119.0131,83.66,79,67,1.48,ID,1675830256
258,waddan,29.1614,16.139,48.96,56,97,18.01,LY,1675830257
259,tavda,58.0425,65.2726,-8.43,100,99,4.27,RU,1675830257
260,khoy,38.5504,44.9535,32.52,80,75,2.3,IR,1675830258
261,benguela,-12.5763,13.4055,72.68,77,100,0.72,AO,1675830258
262,vila,42.0304,-8.1588,38.28,80,72,8.19,PT,1675830259
263,santa cruz,-17.8,-63.1667,74.66,88,96,5.75,BO,1675830179
264,nanortalik,60.1432,-45.2371,4.19,75,11,15.79,GL,1675830260
265,richards bay,-28.783,32.0377,72.77,94,33,7.83,ZA,1675830261
266,thompson,55.7435,-97.8558,1.56,85,75,2.3,CA,1675830005
267,ligayan,4.6533,119.4706,79.25,77,96,10.4,PH,1675830262
268,guerrero negro,27.9769,-114.0611,61.11,35,0,7.02,MX,1675830262
269,yarmouth,41.7057,-70.2286,36.97,86,100,6.91,US,1675830263
270,pantai remis,4.4557,100.6288,87.82,66,35,3.02,MY,1675830264
271,siva,29.2041,25.5195,47.37,56,54,6.55,EG,1675830264
272,muros,42.7762,-9.0603,41.09,82,28,15.43,ES,1675830265
273,padang,-0.9492,100.3543,84.25,58,89,4.0,ID,1675830265
274,cruz alta,-28.6386,-53.6064,66.63,62,0,9.95,BR,1675830266
275,ust-shonosha,61.1531,41.343,24.42,91,100,10.09,RU,1675830267
276,mana,5.6592,-53.7767,75.18,89,41,8.93,GF,1675830267
277,svetlaya,46.5389,138.3297,19.06,44,30,13.51,RU,1675830268
278,ushibuka,32.1906,130.0228,54.97,60,6,14.32,JP,1675830268
279,stephenville,32.2207,-98.2023,45.18,94,100,13.8,US,1675830269
280,gombong,-7.6072,109.5142,84.7,69,100,1.07,ID,1675830269
281,kabalo,-6.05,26.9167,67.3,97,100,5.57,CD,1675830270
282,kimbe,-5.5502,150.1429,77.7,95,100,4.7,PG,1675830271
283,rassvet,46.8333,40.75,18.14,77,96,17.92,RU,1675830271
284,hofn,64.2539,-15.2082,31.62,61,100,16.2,IS,1675830012
285,pathein,16.7833,94.7333,85.62,30,3,10.51,MM,1675830272
286,moron,-34.6534,-58.6198,82.98,63,0,8.46,AR,1675830273
287,shingu,33.7333,135.9833,59.22,35,4,8.79,JP,1675829991
288,redmond,47.674,-122.1215,46.35,83,42,4.0,US,1675830000
289,belvedere marittimo,39.6179,15.8617,34.12,62,1,10.49,IT,1675830274
290,ascoli piceno,42.8548,13.5749,36.25,73,60,2.1,IT,1675830275
291,otuzco,-7.9,-78.5833,52.07,86,88,1.77,PE,1675830275
292,rosarito,32.3333,-117.0333,57.11,42,0,5.28,MX,1675830276
293,pishin,30.5803,66.9961,53.01,33,96,0.67,PK,1675830276
294,morgantown,39.6295,-79.9559,52.21,89,100,3.44,US,1675830197
295,hopelchen,19.7667,-89.85,73.11,82,0,5.3,MX,1675830277
296,kiama,-34.6833,150.8667,72.37,89,100,1.99,AU,1675830278
297,koslan,63.4564,48.8989,26.89,95,100,9.51,RU,1675830031
298,pacific grove,36.6177,-121.9166,51.48,88,0,5.75,US,1675830114
299,samana,19.2056,-69.3369,72.64,88,32,9.66,DO,1675830279
300,naze,28.3667,129.4833,63.52,65,86,14.63,JP,1675830279
301,mielec,50.2871,21.4239,28.74,99,85,4.18,PL,1675830279
302,kruisfontein,-34.0033,24.7314,64.89,82,99,3.67,ZA,1675830280
303,boralday,43.3578,76.8594,22.86,100,100,4.47,KZ,1675830280
304,necochea,-38.5473,-58.7368,72.05,77,14,13.44,AR,1675830105
305,ahipara,-35.1667,173.1667,71.33,59,22,9.04,NZ,1675830281
306,contai,21.7786,87.7536,78.85,57,0,11.39,IN,1675830281
307,llaillay,-32.85,-70.9667,75.25,55,0,0.69,CL,1675830282
308,inongo,-1.95,18.2667,72.7,84,68,4.0,CD,1675830282
309,marrakesh,31.6315,-8.0083,48.27,71,40,3.44,MA,1675830283
310,praya,14.9215,-23.5087,66.74,63,75,18.41,CV,1675830283
311,ulladulla,-35.35,150.4667,68.56,78,100,2.15,AU,1675830284
312,cabedelo,-6.9811,-34.8339,75.87,77,99,8.57,BR,1675830000
313,guhagar,17.4842,73.1929,80.11,37,99,2.93,IN,1675830284
314,svetlogorsk,52.6333,29.7333,9.63,97,61,2.48,BY,1675830285
315,dudinka,69.4058,86.1778,-11.29,100,95,6.49,RU,1675830285
316,zarubino,42.63,131.0922,26.28,47,2,16.8,RU,1675830285
317,kieta,-6.2167,155.6333,85.66,66,35,8.37,PG,1675830286
318,tepalcatepec,19.1833,-102.85,73.56,58,9,3.0,MX,1675830286
319,champerico,14.3,-91.9167,77.56,71,6,3.33,GT,1675830128
320,novomalorossiyskaya,45.6348,39.8948,20.93,92,100,15.68,RU,1675830287
321,la rioja,42.25,-2.5,28.18,97,100,6.08,ES,1675830287
322,cherskiy,68.75,161.3,-27.15,95,100,5.57,RU,1675830288
323,tall kayf,37.0833,41.0667,38.59,87,100,9.22,TR,1675830288
324,lumeje,-11.55,20.7833,63.03,94,100,3.78,AO,1675830289
325,lavrentiya,65.5833,-171.0,-15.3,92,97,3.27,RU,1675830289
326,shiyan,32.6475,110.7781,43.79,91,100,6.73,CN,1675830289
327,pitimbu,-7.4706,-34.8086,75.79,76,99,8.41,BR,1675830290
328,shemgang,27.2169,90.6579,49.95,56,71,4.32,BT,1675830290
329,tacoronte,28.4769,-16.4102,54.25,92,100,8.01,ES,1675830291
330,bonavista,48.6499,-53.1147,25.93,70,94,23.11,CA,1675830291
331,dordrecht,51.81,4.6736,30.96,90,70,1.99,NL,1675830292
332,anadyr,64.75,177.4833,-25.1,75,0,6.71,RU,1675830292
333,yar-sale,66.8333,70.8333,7.39,84,100,23.13,RU,1675830293
334,lerwick,60.1545,-1.1494,44.6,74,99,30.82,GB,1675830293
335,glendive,47.1053,-104.7125,39.18,79,0,5.01,US,1675830293
336,vestmanna,62.1564,-7.1664,43.95,83,100,54.8,FO,1675830294
337,bathsheba,13.2167,-59.5167,77.61,83,40,12.66,BB,1675830065
338,korla,41.7597,86.1469,32.94,77,13,4.09,CN,1675830294
339,sioux lookout,50.1001,-91.917,17.67,73,20,8.05,CA,1675830295
340,morgan city,29.6994,-91.2068,66.99,94,0,5.75,US,1675830295
341,tazovskiy,67.4667,78.7,-9.02,98,100,9.48,RU,1675830296
342,ewa beach,21.3156,-158.0072,78.75,71,20,17.27,US,1675830296
343,zheleznodorozhnyy,55.7503,38.0042,20.75,96,60,5.57,RU,1675830296
344,bireun,5.203,96.7009,82.24,70,100,2.33,ID,1675830297
345,kassala,15.451,36.4,64.44,75,1,8.95,SD,1675830297
346,bodaybo,57.8506,114.1933,3.27,93,100,2.1,RU,1675830298
347,touros,-5.1989,-35.4608,77.16,75,100,12.06,BR,1675830298
348,makakilo city,21.3469,-158.0858,77.32,70,20,17.27,US,1675830298
349,klaksvik,62.2266,-6.589,45.93,82,100,57.15,FO,1675830299
350,pleasanton,37.6624,-121.8747,53.04,79,0,4.61,US,1675830204
351,fare,-16.7,-151.0167,80.73,69,8,9.35,PF,1675830299
352,dunmore east,52.1514,-6.9861,46.69,74,75,12.66,IE,1675830300
353,mezen,65.8522,44.24,32.95,92,90,10.67,RU,1675830300
354,avera,33.194,-82.5271,45.91,61,53,5.08,US,1675830041
355,ilhabela,-23.7781,-45.3581,74.75,91,93,5.5,BR,1675830158
356,oranjemund,-28.55,16.4333,63.32,90,99,13.35,NA,1675830301
357,qasigiannguit,68.8193,-51.1922,-16.35,99,99,3.83,GL,1675830081
358,katsuura,35.1333,140.3,50.38,68,97,18.77,JP,1675830302
359,shenjiamen,29.9576,122.298,49.68,76,94,12.01,CN,1675830303
360,boshnyakovo,49.6333,142.1667,5.31,88,91,6.49,RU,1675830303
361,resistencia,-27.4606,-58.9839,85.08,54,40,4.61,AR,1675830058
362,chuy,-33.6971,-53.4616,68.67,84,14,6.22,UY,1675830016
363,yibin,28.7667,104.6238,53.49,84,100,1.5,CN,1675830305
364,kavieng,-2.5744,150.7967,81.75,78,100,9.19,PG,1675830305
365,camana,-16.6228,-72.7111,75.13,84,77,7.72,PE,1675830306
366,hambantota,6.1241,81.1185,84.54,79,20,12.66,LK,1675830306
367,george town,5.4112,100.3354,87.73,66,20,6.91,MY,1675830073
368,asyut,27.181,31.1837,41.18,62,92,3.58,EG,1675830307
369,roura,4.7263,-52.3274,76.91,94,100,3.44,GF,1675830308
370,nobres,-14.7203,-56.3275,72.57,89,96,1.19,BR,1675830309
371,maceio,-9.6658,-35.7353,72.84,94,20,2.3,BR,1675830123
372,carmo,-21.9336,-42.6086,69.64,98,100,2.39,BR,1675830310
373,saint-augustin,51.226,-58.6502,-2.87,89,30,5.17,CA,1675830311
374,la palma,33.8464,-118.0467,62.91,62,40,0.0,US,1675830312
375,kosum phisai,16.2486,103.0674,88.84,39,3,7.29,TH,1675830313
376,saint-francois,46.4154,3.9054,21.67,93,1,1.14,FR,1675830313
377,raudeberg,61.9875,5.1352,44.96,74,92,35.05,NO,1675830314
378,porto nacional,-10.7081,-48.4172,75.2,92,77,0.92,BR,1675830315
379,aguililla,18.7333,-102.7333,63.48,83,36,5.68,MX,1675830316
380,cofradia,15.4,-88.15,76.08,98,21,2.28,HN,1675830316
381,bandar-e lengeh,26.5579,54.8807,64.51,72,83,4.61,IR,1675830317
382,kathu,7.9178,98.3332,85.82,66,45,7.43,TH,1675830317
383,conde,-7.2597,-34.9075,74.66,78,0,6.91,BR,1675830318
384,balabac,7.9868,117.0645,81.45,75,100,13.11,PH,1675830318
385,atar,20.5169,-13.0499,58.35,29,14,11.01,MR,1675830319
386,beloha,-25.1667,45.05,74.48,74,100,6.8,MG,1675830320
387,vallenar,-28.5708,-70.7581,72.1,57,26,2.71,CL,1675830320
388,lesnoy,57.6198,63.0784,-5.98,100,100,5.35,RU,1675830321
389,suleja,9.1758,7.1808,70.79,19,74,5.82,NG,1675830321
390,esmeraldas,-19.7625,-44.3139,70.11,92,100,1.81,BR,1675830322
391,port lincoln,-34.7333,135.8667,75.9,53,33,9.19,AU,1675830323
392,tari,12.4086,4.4914,71.87,18,99,11.36,NG,1675830323
393,egvekinot,66.3167,-179.1667,-22.54,88,89,8.68,RU,1675830324
394,frontera,26.9333,-101.45,64.33,55,69,3.0,MX,1675830324
395,qingyuan,23.7,113.0333,69.78,87,100,1.86,CN,1675830325
396,baijiantan,45.6333,85.1833,15.62,91,81,1.52,CN,1675830325
397,zaysan,47.4667,84.8667,13.87,90,85,1.63,KZ,1675830326
398,donskoye,45.4552,41.9741,15.93,96,100,10.11,RU,1675830327
399,acapulco,16.8634,-99.8901,76.82,78,0,0.0,MX,1675830094
400,cap malheureux,-19.9842,57.6142,80.47,78,25,7.0,MU,1675830328
401,mitsamiouli,-11.3847,43.2844,81.21,78,100,10.25,KM,1675830328
402,north bend,43.4065,-124.2243,46.92,53,100,0.0,US,1675830107
403,alexandria,31.2156,29.9553,46.94,65,100,16.2,EG,1675830132
404,deputatskiy,69.3,139.9,-42.29,98,51,3.49,RU,1675830329
405,xingyi,24.1877,102.817,65.61,21,0,14.2,CN,1675830330
406,los llanos de aridane,28.6585,-17.9182,53.35,58,20,5.75,ES,1675830331
407,jardim,-21.4803,-56.1381,70.9,97,36,3.24,BR,1675830289
408,burnie,-41.0667,145.9167,63.95,88,99,7.67,AU,1675830332
409,pisco,-13.7,-76.2167,73.45,83,0,9.22,PE,1675830333
410,oxford,51.7522,-1.256,30.24,96,2,1.14,GB,1675830158
411,lakatoro,-16.0999,167.4164,82.04,73,100,3.38,VU,1675830333
412,kedougou,12.5579,-12.1743,76.23,18,51,0.49,SN,1675830334
413,berlevag,70.8578,29.0864,33.8,60,44,23.02,NO,1675830230
414,coahuayana,18.7333,-103.6833,70.43,93,19,3.49,MX,1675830336
415,akaltara,22.0167,82.4333,76.33,26,0,7.96,IN,1675830337
416,camara de lobos,32.6333,-16.9667,59.72,82,75,9.22,PT,1675830337
417,vao,-22.6667,167.4833,80.24,71,41,13.87,NC,1675830338
418,boueni,-12.9025,45.0761,80.58,74,100,10.11,YT,1675830339
419,misratah,32.3754,15.0925,56.01,65,99,15.95,LY,1675830339
420,khatanga,71.9667,102.5,-47.02,100,63,3.13,RU,1675830341
421,tongliao,43.6125,122.2653,28.18,29,0,9.57,CN,1675830342
422,brae,60.3964,-1.353,44.24,73,100,30.13,GB,1675830342
423,san vicente,-26.6167,-54.1333,66.69,53,3,2.01,AR,1675830342
424,medicine hat,50.0501,-110.6683,38.71,70,75,10.36,CA,1675830320
425,yulara,-25.2406,130.9889,100.17,15,0,10.25,AU,1675830343
426,surgut,61.25,73.4167,-21.82,75,40,7.0,RU,1675830100
427,salalah,17.0151,54.0924,69.89,56,0,2.3,OM,1675830194
428,obregon,11.9566,-85.9636,78.89,77,9,15.64,NI,1675830344
429,villazon,-22.0866,-65.5942,48.69,71,93,8.25,BO,1675830344
430,the valley,18.217,-63.0578,77.09,76,0,20.56,AI,1675830345
431,alofi,-19.0595,-169.9187,82.29,78,100,11.5,NU,1675830221
432,faya,18.3851,42.4509,48.31,54,5,3.02,SA,1675830345
433,paamiut,61.994,-49.6678,1.71,77,88,11.97,GL,1675830061
434,adrar,20.5022,-10.0711,56.97,25,93,10.78,MR,1675830346
435,luena,-11.7833,19.9167,60.76,96,100,3.02,AO,1675830131
436,souillac,-20.5167,57.5167,80.98,78,40,11.5,MU,1675830347
437,kloulklubed,7.0419,134.2556,84.7,76,100,18.39,PW,1675830347
438,labuhan,-6.8844,112.2051,77.99,87,100,6.62,ID,1675830348
439,samagaltay,50.6022,95.0047,-2.58,96,96,4.32,RU,1675830348
440,ponta delgada,37.7333,-25.6667,54.32,82,40,8.05,PT,1675830349
441,camiri,-20.05,-63.5167,65.57,96,82,2.44,BO,1675830349
442,isangel,-19.55,169.2667,81.5,76,94,2.64,VU,1675830349
443,viseu,40.661,-7.9097,45.86,79,76,8.88,PT,1675830350
444,weston,26.1004,-80.3998,75.0,75,20,11.5,US,1675830350
445,volokolamsk,56.0336,35.9694,10.08,94,74,7.14,RU,1675830351
446,biak,-0.9131,122.8766,78.12,79,100,7.07,ID,1675830351
447,banjar,-8.19,114.9675,84.4,74,96,2.71,ID,1675830351
448,salvador,13.8333,-88.9167,72.05,57,39,2.44,SV,1675830352
449,bellevue,47.6104,-122.2007,45.93,82,20,19.57,US,1675830349
450,katobu,-4.9408,122.5276,88.29,55,77,6.13,ID,1675830352
451,atbasar,51.8,68.3333,-1.71,100,87,5.14,KZ,1675830349
452,gaoua,10.2992,-3.2508,82.18,38,96,0.45,BF,1675830353
453,freire,-38.95,-72.6333,51.6,93,0,4.61,CL,1675830353
454,dunda,-8.1167,34.25,63.88,96,100,1.97,TZ,1675830354
455,nkhotakota,-12.9274,34.2961,72.23,83,100,4.18,MW,1675830354
456,yambio,4.5721,28.3955,67.95,24,11,4.18,SS,1675830355
457,port saint lucie,27.2939,-80.3503,71.96,61,75,11.5,US,1675830232
458,maltahohe,-24.8333,16.9833,68.22,76,2,2.82,NA,1675830355
459,dalby,-27.1833,151.2667,87.98,31,36,3.0,AU,1675830355
460,dong hoi,17.4833,106.6,76.71,84,60,4.12,VN,1675830356
461,houston,29.7633,-95.3633,70.12,87,100,13.8,US,1675830123
462,chateaubelair,13.2833,-61.25,75.24,82,99,13.51,VC,1675830356
463,santa isabel,-23.3156,-46.2214,69.1,99,93,0.72,BR,1675830357
464,shkotovo,43.3319,132.3625,24.08,32,29,11.18,RU,1675830357
465,itoman,26.1247,127.6694,73.78,70,20,14.97,JP,1675830358
466,pangnirtung,66.1451,-65.7125,-29.04,84,5,5.46,CA,1675830358
467,dvinskoy,62.1535,45.1175,27.82,94,100,8.75,RU,1675830358
468,yenagoa,4.9247,6.2642,77.05,88,25,1.63,NG,1675830359
469,rio gallegos,-51.6226,-69.2181,57.25,72,0,19.57,AR,1675830359
470,victoria point,-27.5833,153.3,87.15,53,55,8.01,AU,1675830360
471,ferreira do alentejo,38.05,-8.0333,42.39,100,20,8.05,PT,1675830360
472,huarmey,-10.0681,-78.1522,72.36,82,8,5.32,PE,1675830360
473,saldanha,-33.0117,17.9442,62.65,89,0,10.4,ZA,1675830361
474,ballina,-28.8667,153.5667,82.02,63,91,9.95,AU,1675830361
475,camopi,3.1655,-52.3158,71.67,100,100,1.88,GF,1675830362
476,kununurra,-15.7667,128.7333,98.58,39,4,6.91,AU,1675830363
477,paciran,-6.8767,112.3761,78.67,85,100,8.61,ID,1675830364
478,sangar,63.9242,127.4739,-34.67,93,100,2.89,RU,1675830364
479,olga,43.7444,135.2892,26.31,42,62,10.16,RU,1675830365
480,sayyan,15.1718,44.3244,51.62,59,24,1.34,YE,1675830365
481,prado,-17.3411,-39.2208,75.99,84,8,7.67,BR,1675830366
482,edd,13.9297,41.6925,75.69,76,53,1.81,ER,1675830146
483,iwanai,42.9744,140.5089,29.52,64,100,9.55,JP,1675830154
484,rabat,33.9911,-6.8401,52.16,83,40,6.91,MA,1675830216
485,lourdes,43.1,-0.05,32.92,100,24,4.61,FR,1675830368
486,birobidzhan,48.8,132.95,4.01,60,8,5.75,RU,1675830368
487,sorong,-0.8833,131.25,80.46,80,100,6.64,ID,1675830257
488,iskenderun,36.5872,36.1735,39.83,54,93,6.4,TR,1675830369
489,loandjili,-4.7561,11.8578,77.11,100,20,4.61,CG,1675830370
490,kulhudhuffushi,6.6221,73.07,80.33,72,74,9.71,MV,1675830370
491,valadares,41.1474,-7.9812,42.46,85,71,6.82,PT,1675830371
492,bakchar,57.0186,82.0711,2.71,95,87,4.56,RU,1675830372
493,kabanjahe,3.1001,98.4908,73.81,71,96,3.8,ID,1675830372
494,mayo,38.8876,-76.5119,50.88,84,0,6.91,US,1675830373
495,lima,-12.0432,-77.0282,75.9,79,0,10.36,PE,1675830374
496,clyde river,70.4692,-68.5914,-32.57,68,0,4.61,CA,1675830374
497,goba,7.0167,39.9833,45.97,47,4,4.0,ET,1675830375
498,codrington,-38.2667,141.9667,66.61,59,63,14.41,AU,1675830159
499,healdsburg,38.6105,-122.8692,51.91,81,0,0.0,US,1675830376
500,laela,-8.5667,32.05,59.7,88,100,3.53,TZ,1675830376
501,erzin,36.9559,36.2,33.26,57,94,4.94,TR,1675830377
502,chardara,41.2547,67.9692,38.3,69,100,5.82,KZ,1675830378
503,newport,51.5877,-2.9984,37.06,88,1,3.06,GB,1675830310
504,hecun,36.5333,114.1111,40.78,38,100,10.8,CN,1675830379
505,ngunguru,-35.6167,174.5,72.21,58,56,2.48,NZ,1675830380
506,russell,32.3502,-85.1999,61.83,93,0,0.0,US,1675830381
507,vostok,46.4856,135.8833,3.54,79,52,13.6,RU,1675830381
508,tamandare,-8.7597,-35.1047,75.81,75,98,4.03,BR,1675830382
509,dubbo,-32.25,148.6167,93.33,31,40,6.91,AU,1675830399
510,sao domingos,-13.3983,-46.3183,70.93,74,75,4.9,BR,1675830458
511,ocampo,21.65,-101.5,55.65,28,88,7.83,MX,1675830295
512,baykit,61.67,96.37,6.85,95,100,2.15,RU,1675830459
513,sinnamary,5.3833,-52.95,75.13,91,70,9.37,GF,1675830459
514,scalea,39.813,15.7956,38.61,60,3,11.18,IT,1675830459
515,yabelo,4.8833,38.0833,58.77,31,0,5.3,ET,1675830460
516,arona,28.0996,-16.681,55.92,69,75,5.75,ES,1675830460
517,buraydah,26.326,43.975,46.85,46,100,7.36,SA,1675830461
518,sur,22.5667,59.5289,75.67,48,58,6.06,OM,1675830461
519,santa isabel do rio negro,-0.4139,-65.0192,72.95,96,40,1.54,BR,1675830462
520,charlottesville,38.0293,-78.4767,53.76,62,0,6.91,US,1675830354
521,manaure,11.7751,-72.4445,76.66,77,0,16.44,CO,1675830462
522,outjo,-20.1167,16.15,62.1,70,65,7.76,NA,1675830462
523,warri,5.5167,5.75,77.23,86,9,3.2,NG,1675830463
524,nyurba,63.2842,118.3319,-26.57,94,100,0.98,RU,1675830463
525,omsukchan,62.5333,155.8,-28.86,96,94,4.56,RU,1675830464
526,lokoja,7.8024,6.743,75.04,46,29,2.77,NG,1675830464
527,tual,-5.6667,132.75,82.6,74,99,21.3,ID,1675830465
528,ferkessedougou,9.6,-5.2,77.56,57,100,4.56,CI,1675830465
529,dongsheng,39.8161,109.9776,27.57,41,100,10.27,CN,1675830465
530,zhanakorgan,43.9098,67.2495,37.09,57,100,4.61,KZ,1675830466
531,plettenberg bay,-34.0527,23.3716,66.36,84,100,5.99,ZA,1675830466
532,miro khan,27.7599,68.0921,69.03,21,5,3.96,PK,1675830467
533,karratha,-20.7377,116.8463,95.99,37,35,13.89,AU,1675830467
534,aykhal,66.0,111.5,-31.05,99,58,2.17,RU,1675830468
535,aasiaat,68.7098,-52.8699,-23.44,97,99,3.96,GL,1675830468
536,constitucion,-35.3333,-72.4167,60.31,66,0,9.17,CL,1675830469
537,poopo,-18.3667,-66.9667,46.8,73,99,2.01,BO,1675830469
538,watsa,3.0372,29.5355,62.67,46,14,2.06,CD,1675830470
539,rocha,-34.4833,-54.3333,70.38,77,45,8.05,UY,1675830470
540,hami,42.8,93.45,34.47,77,100,5.06,CN,1675830471
541,san-pedro,4.7485,-6.6363,77.59,90,60,5.37,CI,1675830471
542,izhma,65.0083,53.9113,25.11,95,100,9.53,RU,1675830471
543,batetskiy,58.6461,30.3027,24.67,89,100,9.95,RU,1675830472
544,dubuque,42.4833,-90.8668,30.49,73,0,8.05,US,1675830472
545,pangody,65.85,74.4859,-3.87,94,86,13.15,RU,1675830548
546,maniitsoq,65.4167,-52.9,0.88,92,100,11.1,GL,1675830548
547,zhuhai,22.2769,113.5678,72.86,77,40,8.05,CN,1675830549
548,sao joao da barra,-21.6403,-41.0511,73.65,94,100,3.51,BR,1675830549
549,ko samui,9.5357,99.9357,85.91,70,20,6.91,TH,1675830550
550,muroto,33.2833,134.15,56.01,54,7,6.58,JP,1675830551
551,mishan,45.55,131.8833,12.6,81,50,5.86,CN,1675830552
552,angoram,-4.0625,144.0661,84.85,73,99,6.04,PG,1675830552
553,tres arroyos,-38.3739,-60.2798,72.05,54,22,6.4,AR,1675830553
